{
  "algorithm": "TGL-Attention",
  "version": "0.2.0",
  "timestamp": "2026-03-05T14:20:14.840916",
  "constants": {
    "alpha_fine": 0.0072973525693,
    "sqrt_e": 1.6487212707001282,
    "beta_tgl": 0.012031300400803142,
    "amplification": 83.11653492861383
  },
  "tests": {
    "gaussian_32x64": {
      "desc": "Gaussiano (32\u00d764)",
      "n": 32,
      "d": 64,
      "f1_angular_gated": {
        "corr_mean": -0.011773775398091121,
        "corr_std": 0.17462609023838072,
        "corr_min": -0.46673647116940414,
        "corr_max": 0.34095743192233013,
        "top5_mean": 0.13125,
        "entropy_ref": 3.4657358266616543,
        "entropy_test": 0.8036431380417652,
        "entropy_ratio": 0.2318823990669481,
        "internals": {
          "A_theta_mean": 2.5797008746666474,
          "A_theta_std": 0.3479738242446033,
          "S_mean": 0.30986809730529785,
          "S_std": 0.016456806606984637,
          "G_mean": 0.5035929270592817,
          "G_std": 0.21157636198069413,
          "P_mean": -1.1322663357008511,
          "P_std": 0.592430367635033
        }
      },
      "f2_cosine_modulated": {
        "corr_mean": 0.08465540011630303,
        "corr_std": 0.16950011032163026,
        "corr_min": -0.3570645676263466,
        "corr_max": 0.4169668670943333,
        "top5_mean": 0.2125,
        "entropy_ref": 3.4657358266616543,
        "entropy_test": 3.4033180325645045,
        "entropy_ratio": 0.981990031174571,
        "internals": {
          "cos_mean": 0.7949826923042188,
          "cos_std": 0.028967653362984926,
          "S_mean": 0.30986809730529785,
          "M_mean": 1.1452473462172899,
          "M_std": 0.039926231072390454,
          "A_mean": -0.08014144760160592,
          "A_std": 0.041836518497849265
        }
      },
      "f3_holographic_cache": {
        "corr_mean": 0.9776225601993349,
        "corr_std": 0.004751664431385451,
        "corr_min": 0.9628324397530668,
        "corr_max": 0.9847142360694809,
        "top5_mean": 1.0,
        "entropy_ref": 3.4657358266616543,
        "entropy_test": 3.465735826659904,
        "entropy_ratio": 0.9999999999706412,
        "internals": {
          "angular_bits": 10,
          "compression_ratio": 5.33,
          "K_recon_correlation": 0.9999995864037289,
          "K_recon_cosine": 0.9999995862126563
        }
      },
      "v01_bifactored": {
        "corr_mean": 0.05411147519142539,
        "corr_std": 0.1893598156479356,
        "corr_min": -0.42077345330039473,
        "corr_max": 0.39928265371723376,
        "top5_mean": 0.2375,
        "entropy_ref": 3.4657358266616543,
        "entropy_test": 2.7642045949907645,
        "entropy_ratio": 0.7975808697380167
      }
    },
    "gaussian_128x128": {
      "desc": "Gaussiano (128\u00d7128)",
      "n": 128,
      "d": 128,
      "f1_angular_gated": {
        "corr_mean": 0.015412702665636244,
        "corr_std": 0.09555610176977307,
        "corr_min": -0.2747266524502218,
        "corr_max": 0.2463895851770668,
        "top5_mean": 0.0421875,
        "entropy_ref": 4.852030173378346,
        "entropy_test": 1.856431022447944,
        "entropy_ratio": 0.38260912568008554,
        "internals": {
          "A_theta_mean": 3.267192660853182,
          "A_theta_std": 0.38655195875634857,
          "S_mean": 0.30925678461790085,
          "S_std": 0.012033167825038814,
          "G_mean": 0.5009121083910248,
          "G_std": 0.15535528127256096,
          "P_mean": -1.16627450596529,
          "P_std": 0.5425690593182679
        }
      },
      "f2_cosine_modulated": {
        "corr_mean": 0.0013058024499619236,
        "corr_std": 0.09935987062519883,
        "corr_min": -0.2843196631288235,
        "corr_max": 0.27244988940278114,
        "top5_mean": 0.0578125,
        "entropy_ref": 4.852030173378346,
        "entropy_test": 4.820310775039007,
        "entropy_ratio": 0.9934626543312282,
        "internals": {
          "cos_mean": 0.8029500439215386,
          "cos_std": 0.02166692059927632,
          "S_mean": 0.30925678461790085,
          "M_mean": 1.1437642266669794,
          "M_std": 0.029193940877414497,
          "A_mean": -0.0782717062305355,
          "A_std": 0.030966072527291076
        }
      },
      "f3_holographic_cache": {
        "corr_mean": 0.921912180418411,
        "corr_std": 0.012879022133968404,
        "corr_min": 0.8849295316326258,
        "corr_max": 0.9505367168268957,
        "top5_mean": 0.9953125,
        "entropy_ref": 4.852030173378346,
        "entropy_test": 4.852030173381287,
        "entropy_ratio": 0.9999999999799961,
        "internals": {
          "angular_bits": 10,
          "compression_ratio": 5.57,
          "K_recon_correlation": 0.9999995123498295,
          "K_recon_cosine": 0.999999512389667
        }
      },
      "v01_bifactored": {
        "corr_mean": -0.004739966205939406,
        "corr_std": 0.09763212054669207,
        "corr_min": -0.24584473845901203,
        "corr_max": 0.2063498779280823,
        "top5_mean": 0.046875,
        "entropy_ref": 4.852030173378346,
        "entropy_test": 4.850299968379294,
        "entropy_ratio": 0.9996434059481926
      }
    },
    "clusters_64x64": {
      "desc": "Clusters (4 grupos)",
      "n": 64,
      "d": 64,
      "f1_angular_gated": {
        "corr_mean": 0.41848358306745165,
        "corr_std": 0.2784871983021426,
        "corr_min": 0.05970055270313181,
        "corr_max": 0.6989659362736943,
        "top5_mean": 0.2,
        "entropy_ref": 3.141056438569956,
        "entropy_test": 2.349922484443099,
        "entropy_ratio": 0.7481312514837034,
        "internals": {
          "A_theta_mean": 15.52047875918609,
          "A_theta_std": 0.5126391401055423,
          "S_mean": 0.3091273307800293,
          "S_std": 0.16137403449921117,
          "G_mean": 0.5060146803776463,
          "G_std": 0.43983693732264545,
          "P_mean": -8.053012379435783,
          "P_std": 6.746018750232822
        }
      },
      "f2_cosine_modulated": {
        "corr_mean": 0.7393580593862925,
        "corr_std": 0.25848686651269837,
        "corr_min": 0.47944896087140004,
        "corr_max": 0.9999156318016189,
        "top5_mean": 0.34062500000000007,
        "entropy_ref": 3.141056438569956,
        "entropy_test": 3.1646219284867816,
        "entropy_ratio": 1.0075024089114437,
        "internals": {
          "cos_mean": 0.9988500327574295,
          "cos_std": 0.00036848158353612446,
          "S_mean": 0.3091273307800293,
          "M_mean": 1.143450155780233,
          "M_std": 0.39151319842118315,
          "A_mean": -0.4486225470409412,
          "A_std": 0.39962296998738966
        }
      },
      "f3_holographic_cache": {
        "corr_mean": 0.999999991781918,
        "corr_std": 4.520776896363794e-09,
        "corr_min": 0.9999999838687696,
        "corr_max": 0.9999999948678425,
        "top5_mean": 1.0,
        "entropy_ref": 3.141056438569956,
        "entropy_test": 3.1410560012286486,
        "entropy_ratio": 0.999999860734337,
        "internals": {
          "angular_bits": 10,
          "compression_ratio": 5.33,
          "K_recon_correlation": 0.9999999891345205,
          "K_recon_cosine": 0.9999999891328948
        }
      },
      "v01_bifactored": {
        "corr_mean": 0.15855055660009448,
        "corr_std": 0.158986257430863,
        "corr_min": -0.17783120464772442,
        "corr_max": 0.4921303886132493,
        "top5_mean": 0.18437499999999998,
        "entropy_ref": 3.141056438569956,
        "entropy_test": 1.8445335039580493,
        "entropy_ratio": 0.5872334801914911
      }
    },
    "sparse_64x128": {
      "desc": "Esparso (90% zeros)",
      "n": 64,
      "d": 128,
      "f1_angular_gated": {
        "corr_mean": 0.09999211589656275,